{
  "center": [
    0.4682578146457672,
    0.7298359274864197,
    8.289292452445808e-08,
    0.5405510067939758,
    0.6914213299751282,
    -0.0208499729633331,
    0.5438581705093384,
    0.6333217620849609,
    -0.0330861955881118,
    0.4944201409816742,
    0.5800704956054688,
    -0.0442988015711307,
    0.4712420403957367,
    0.5574108362197876,
    -0.0559249147772789,
    0.5304765701293945,
    0.5284982919692993,
    -0.0186639428138732,
    0.5498842597007751,
    0.4754449129104614,
    -0.0434409007430076,
    0.5410378575325012,
    0.4705803990364074,
    -0.0589051134884357,
    0.5373203158378601,
    0.4808676242828369,
    -0.0678868293762207,
    0.520513653755188,
    0.5169955492019653,
    -0.0215123668313026,
    0.5340591669082642,
    0.4775475561618805,
    -0.0524264648556709,
    0.528803288936615,
    0.4982768893241882,
    -0.0644304156303405,
    0.5231294631958008,
    0.5110501646995544,
    -0.0680784359574318,
    0.4675203561782837,
    0.5204459428787231,
    -0.0301072113215923,
    0.4898102879524231,
    0.483309268951416,
    -0.0608502775430679,
    0.4819322824478149,
    0.5258201360702515,
    -0.0625526160001754,
    0.4801833629608154,
    0.5557303428649902,
    -0.0576053895056247,
    0.4273453950881958,
    0.5468431115150452,
    -0.0393855385482311,
    0.4729961156845093,
    0.5131762623786926,
    -0.0618660598993301,
    0.4740130007266998,
    0.5389178991317749,
    -0.0621725916862487,
    0.4532756209373474,
    0.562404990196228,
    -0.0563789308071136,
    0.2756672959199336,
    0.40209426212229216,
    0.3608091078352246,
    0.23496514493102746,
    0.2238327519729757,
    0.18147690714254264,
    0.11656571076404197,
    0.0860645767213251,
    0.05880239724472168,
    2.8290975614746703,
    2.959071263144598,
    2.852686840791597,
    0.9665479247173245,
    1.0768029367622867,
    0.1943226009607315,
    0.39897200465202337,
    0.087887082248926,
    0.1255994130110191,
    0.04396535219923085,
    0.046049892781514196,
    0.05102588408498759
  ],
  "scale": [
    0.4642656743526459,
    0.24772828817367554,
    7.349847521709307e-07,
    0.4016731083393097,
    0.18574368953704834,
    0.0324464840814471,
    0.37975716590881353,
    0.14196717739105225,
    0.0477799475193024,
    0.3456183969974518,
    0.16122305393218994,
    0.06373085454106331,
    0.33279284834861755,
    0.17515605688095093,
    0.0814926289021969,
    0.34317970275878906,
    0.15043532848358154,
    0.0427085524424911,
    0.3289576172828675,
    0.2116097807884217,
    0.0688185244798661,
    0.32286414504051214,
    0.2641192376613617,
    0.0882942639291287,
    0.3226924240589142,
    0.3202605843544007,
    0.10180364549159998,
    0.3201840519905091,
    0.1342288851737976,
    0.0413968460634351,
    0.2862434387207031,
    0.19630846381187445,
    0.06994465924799441,
    0.30786484479904175,
    0.25349295139312744,
    0.08113774284720421,
    0.31531989574432373,
    0.3082347512245179,
    0.0900656618177891,
    0.3743886947631836,
    0.13418307900428772,
    0.0426774760708212,
    0.3512216806411743,
    0.1736612617969513,
    0.0767577029764652,
    0.3535910248756409,
    0.19558095932006841,
    0.0770783312618732,
    0.37236118316650396,
    0.20330062508583074,
    0.0692060999572277,
    0.4989300668239594,
    0.16057676076889038,
    0.0524357315152884,
    0.46224179863929754,
    0.17814680933952332,
    0.07899405062198629,
    0.4366758763790131,
    0.20476031303405767,
    0.07242400944232939,
    0.43038108944892883,
    0.21693342924118042,
    0.0644245371222496,
    0.18519097204682333,
    0.2527025368521715,
    0.28895016807836343,
    0.2345244414670632,
    0.19401514209141446,
    0.1791690046084729,
    0.19418207785051425,
    0.17174451185728634,
    0.07688380607075476,
    0.45970259175072536,
    1.1808863859984564,
    2.195423049096294,
    2.0402850229970673,
    1.9772421970678713,
    0.3334617912769318,
    0.21716570854187006,
    0.12314018412207875,
    0.07500334289015836,
    0.059886304852608006,
    0.056642928906235644,
    0.051125235764426194
  ]
}